"purchase_order_id","vendor_id","store_id","order_date","status"
1,1,1,"2025-01-04","Completed"
2,1,1,"2025-07-12","Completed"
3,1,1,"2025-05-23","Completed"
4,1,1,"2025-07-20","Completed"
5,1,1,"2025-07-08","Completed"
6,1,1,"2025-05-31","Completed"
7,1,1,"2025-06-16","Completed"
8,1,1,"2025-04-02","Completed"
9,1,1,"2025-04-02","Completed"
10,1,1,"2025-03-06","Completed"
11,1,1,"2025-05-13","Completed"
12,1,1,"2025-01-11","Completed"
13,1,1,"2025-03-22","Completed"
14,1,1,"2025-06-20","Completed"
15,1,1,"2025-07-11","Completed"
16,1,1,"2025-06-16","Completed"
17,1,1,"2025-07-14","Completed"
18,1,1,"2025-03-07","Completed"
19,1,1,"2025-05-24","Completed"
20,1,2,"2025-03-26","Completed"
21,1,2,"2025-02-20","Completed"
22,1,2,"2025-04-10","Completed"
23,1,2,"2025-03-28","Completed"
24,1,2,"2025-05-01","Completed"
25,1,2,"2025-06-03","Completed"
26,1,2,"2025-02-04","Completed"
27,1,2,"2025-06-12","Completed"
28,1,2,"2025-07-10","Pending"
29,1,2,"2025-02-12","Completed"
30,1,2,"2025-01-21","Completed"
31,1,2,"2025-05-31","Completed"
32,1,2,"2025-05-27","Completed"
33,1,2,"2025-05-25","Completed"
34,1,2,"2025-06-05","Completed"
35,1,2,"2025-06-06","Completed"
36,1,2,"2025-03-14","Completed"
37,1,2,"2025-03-02","Completed"
38,1,2,"2025-02-15","Completed"
39,1,2,"2025-03-10","Completed"
40,1,2,"2025-04-16","Completed"
41,1,2,"2025-01-29","Completed"
42,1,2,"2025-02-28","Completed"
43,1,2,"2025-04-25","Completed"
44,1,2,"2025-04-17","Completed"
45,1,2,"2025-05-23","Pending"
46,1,2,"2025-05-09","Completed"
47,1,2,"2025-04-08","Completed"
48,1,3,"2025-05-16","Completed"
49,1,3,"2025-01-09","Completed"
50,1,3,"2025-06-04","Completed"
51,1,3,"2025-06-26","Completed"
52,1,3,"2025-06-08","Completed"
53,1,3,"2025-05-14","Completed"
54,1,3,"2025-03-03","Completed"
55,1,3,"2025-06-26","Completed"
56,1,3,"2025-05-01","Completed"
57,1,3,"2025-01-04","Completed"
58,1,3,"2025-03-01","Completed"
59,1,4,"2025-03-30","Completed"
60,1,4,"2025-06-21","Completed"
61,1,4,"2025-07-21","Completed"
62,1,4,"2025-04-26","Completed"
63,1,4,"2025-01-21","Completed"
64,1,4,"2025-05-13","Completed"
65,1,4,"2025-02-16","Completed"
66,1,4,"2025-02-09","Completed"
67,1,4,"2025-07-18","Completed"
68,1,4,"2025-06-29","Completed"
69,1,4,"2025-02-27","Completed"
70,1,4,"2025-05-19","Completed"
71,1,4,"2025-06-10","Completed"
72,1,4,"2025-04-24","Completed"
73,1,5,"2025-05-21","Completed"
74,1,5,"2025-05-23","Completed"
75,1,5,"2025-03-12","Completed"
76,1,5,"2025-06-11","Completed"
77,1,5,"2025-05-20","Completed"
78,1,5,"2025-01-29","Completed"
79,1,5,"2025-04-23","Completed"
80,1,5,"2025-05-01","Completed"
81,1,5,"2025-06-29","Completed"
82,1,5,"2025-07-28","Pending"
83,1,5,"2025-07-28","Pending"
84,1,5,"2025-03-10","Completed"
85,1,5,"2025-07-11","Pending"
86,1,5,"2025-03-19","Completed"
87,1,5,"2025-02-26","Completed"
88,1,5,"2025-02-14","Completed"
89,1,5,"2025-07-26","Completed"
90,1,5,"2025-07-30","Pending"
91,1,5,"2025-04-07","Completed"
92,1,5,"2025-01-27","Completed"
93,1,5,"2025-02-10","Completed"
94,1,5,"2025-06-05","Completed"
95,1,5,"2025-03-12","Completed"
96,1,5,"2025-03-03","Completed"
97,1,5,"2025-05-08","Completed"
98,1,5,"2025-01-27","Completed"
99,1,5,"2025-02-28","Completed"
100,1,5,"2025-06-12","Completed"
101,1,5,"2025-07-15","Pending"
102,1,5,"2025-01-02","Completed"
103,2,1,"2025-07-20","Completed"
104,2,1,"2025-05-29","Completed"
105,2,1,"2025-06-01","Completed"
106,2,1,"2025-05-09","Completed"
107,2,1,"2025-04-01","Completed"
108,2,1,"2025-01-17","Pending"
109,2,1,"2025-06-06","Completed"
110,2,1,"2025-01-20","Completed"
111,2,1,"2025-04-02","Completed"
112,2,1,"2025-02-17","Completed"
113,2,1,"2025-07-19","Pending"
114,2,1,"2025-03-16","Completed"
115,2,1,"2025-01-23","Completed"
116,2,1,"2025-01-15","Completed"
117,2,1,"2025-01-26","Completed"
118,2,1,"2025-07-25","Completed"
119,2,1,"2025-06-28","Completed"
120,2,1,"2025-02-24","Completed"
121,2,1,"2025-07-05","Completed"
122,2,1,"2025-02-11","Completed"
123,2,1,"2025-03-18","Completed"
124,2,1,"2025-04-05","Completed"
125,2,1,"2025-02-04","Completed"
126,2,1,"2025-07-01","Completed"
127,2,1,"2025-06-16","Completed"
128,2,1,"2025-06-12","Completed"
129,2,1,"2025-03-01","Completed"
130,2,2,"2025-02-01","Completed"
131,2,2,"2025-03-21","Completed"
132,2,2,"2025-02-16","Completed"
133,2,2,"2025-02-23","Completed"
134,2,2,"2025-02-10","Completed"
135,2,2,"2025-02-22","Completed"
136,2,2,"2025-01-14","Completed"
137,2,2,"2025-04-25","Completed"
138,2,2,"2025-05-24","Completed"
139,2,2,"2025-01-06","Completed"
140,2,2,"2025-04-16","Completed"
141,2,2,"2025-02-13","Completed"
142,2,2,"2025-03-24","Completed"
143,2,2,"2025-02-14","Completed"
144,2,2,"2025-01-08","Completed"
145,2,2,"2025-05-10","Completed"
146,2,2,"2025-07-05","Pending"
147,2,2,"2025-02-05","Completed"
148,2,2,"2025-01-19","Completed"
149,2,2,"2025-06-18","Completed"
150,2,2,"2025-04-21","Completed"
151,2,2,"2025-07-17","Pending"
152,2,2,"2025-01-29","Completed"
153,2,2,"2025-04-20","Completed"
154,2,2,"2025-06-03","Completed"
155,2,2,"2025-03-20","Completed"
156,2,2,"2025-06-30","Completed"
157,2,2,"2025-07-03","Completed"
158,2,2,"2025-06-25","Completed"
159,2,2,"2025-01-01","Completed"
160,2,3,"2025-01-19","Completed"
161,2,3,"2025-03-27","Completed"
162,2,3,"2025-05-31","Completed"
163,2,3,"2025-04-10","Completed"
164,2,3,"2025-07-22","Completed"
165,2,3,"2025-07-20","Completed"
166,2,3,"2025-07-07","Completed"
167,2,3,"2025-06-04","Completed"
168,2,3,"2025-06-16","Completed"
169,2,3,"2025-04-30","Completed"
170,2,3,"2025-06-12","Completed"
171,2,3,"2025-06-20","Completed"
172,2,4,"2025-04-04","Completed"
173,2,4,"2025-02-07","Completed"
174,2,4,"2025-05-23","Completed"
175,2,4,"2025-07-10","Completed"
176,2,4,"2025-03-16","Completed"
177,2,4,"2025-05-30","Completed"
178,2,4,"2025-04-01","Completed"
179,2,4,"2025-07-02","Completed"
180,2,4,"2025-04-06","Completed"
181,2,4,"2025-02-23","Completed"
182,2,4,"2025-06-24","Completed"
183,2,4,"2025-03-19","Completed"
184,2,4,"2025-07-03","Completed"
185,2,4,"2025-04-15","Completed"
186,2,4,"2025-03-22","Completed"
187,2,4,"2025-02-07","Completed"
188,2,4,"2025-03-02","Completed"
189,2,5,"2025-03-07","Completed"
190,2,5,"2025-07-31","Pending"
191,2,5,"2025-02-20","Completed"
192,2,5,"2025-05-28","Completed"
193,2,5,"2025-06-01","Completed"
194,2,5,"2025-07-05","Completed"
195,2,5,"2025-01-07","Completed"
196,2,5,"2025-05-05","Completed"
197,2,5,"2025-05-18","Completed"
198,2,5,"2025-06-01","Completed"
199,2,5,"2025-02-12","Completed"
200,2,5,"2025-02-05","Pending"
201,2,5,"2025-07-04","Completed"
202,2,5,"2025-07-28","Completed"
203,2,5,"2025-04-10","Completed"
204,2,5,"2025-06-01","Pending"
205,2,5,"2025-02-08","Completed"
206,2,5,"2025-02-18","Completed"
207,2,5,"2025-01-01","Completed"
208,2,5,"2025-05-27","Completed"
209,2,5,"2025-04-25","Completed"
210,2,5,"2025-05-15","Completed"
211,2,5,"2025-05-02","Completed"
212,2,5,"2025-07-06","Completed"
213,3,1,"2025-06-23","Completed"
214,3,1,"2025-06-14","Completed"
215,3,1,"2025-04-23","Completed"
216,3,1,"2025-05-16","Completed"
217,3,1,"2025-07-07","Completed"
218,3,1,"2025-02-28","Completed"
219,3,1,"2025-07-13","Pending"
220,3,1,"2025-05-25","Completed"
221,3,1,"2025-01-25","Completed"
222,3,1,"2025-03-26","Completed"
223,3,1,"2025-07-02","Completed"
224,3,1,"2025-02-01","Completed"
225,3,1,"2025-04-29","Completed"
226,3,1,"2025-03-26","Completed"
227,3,1,"2025-07-10","Completed"
228,3,1,"2025-07-13","Completed"
229,3,1,"2025-04-10","Completed"
230,3,1,"2025-06-26","Completed"
231,3,1,"2025-03-24","Completed"
232,3,1,"2025-01-04","Completed"
233,3,1,"2025-03-14","Completed"
234,3,2,"2025-06-15","Completed"
235,3,2,"2025-01-16","Completed"
236,3,2,"2025-07-02","Completed"
237,3,2,"2025-05-31","Completed"
238,3,2,"2025-05-09","Completed"
239,3,2,"2025-01-21","Completed"
240,3,2,"2025-05-03","Completed"
241,3,2,"2025-05-27","Completed"
242,3,2,"2025-05-20","Completed"
243,3,2,"2025-04-29","Completed"
244,3,2,"2025-03-30","Completed"
245,3,2,"2025-07-17","Completed"
246,3,2,"2025-06-01","Completed"
247,3,2,"2025-07-02","Completed"
248,3,2,"2025-01-18","Completed"
249,3,2,"2025-02-05","Completed"
250,3,2,"2025-06-11","Completed"
251,3,2,"2025-04-22","Completed"
252,3,2,"2025-02-19","Completed"
253,3,2,"2025-06-04","Completed"
254,3,2,"2025-07-15","Completed"
255,3,2,"2025-02-02","Completed"
256,3,2,"2025-04-24","Completed"
257,3,2,"2025-04-20","Completed"
258,3,2,"2025-03-01","Completed"
259,3,2,"2025-01-26","Pending"
260,3,2,"2025-04-01","Completed"
261,3,3,"2025-07-10","Pending"
262,3,3,"2025-02-04","Completed"
263,3,3,"2025-02-27","Completed"
264,3,3,"2025-07-09","Completed"
265,3,3,"2025-02-16","Completed"
266,3,3,"2025-06-15","Completed"
267,3,3,"2025-03-23","Completed"
268,3,3,"2025-05-12","Completed"
269,3,3,"2025-04-18","Completed"
270,3,3,"2025-03-18","Completed"
271,3,3,"2025-05-28","Completed"
272,3,3,"2025-04-29","Completed"
273,3,3,"2025-05-13","Completed"
274,3,3,"2025-01-30","Completed"
275,3,3,"2025-05-18","Completed"
276,3,4,"2025-07-04","Completed"
277,3,4,"2025-01-18","Completed"
278,3,4,"2025-05-05","Completed"
279,3,4,"2025-04-07","Completed"
280,3,4,"2025-03-27","Completed"
281,3,4,"2025-06-25","Completed"
282,3,4,"2025-01-03","Completed"
283,3,4,"2025-03-18","Completed"
284,3,4,"2025-03-25","Completed"
285,3,4,"2025-07-16","Pending"
286,3,4,"2025-01-02","Completed"
287,3,4,"2025-05-11","Completed"
288,3,4,"2025-03-26","Completed"
289,3,4,"2025-05-03","Completed"
290,3,4,"2025-07-10","Completed"
291,3,4,"2025-01-19","Completed"
292,3,4,"2025-06-01","Completed"
293,3,4,"2025-03-23","Completed"
294,3,4,"2025-06-05","Completed"
295,3,4,"2025-01-30","Completed"
296,3,4,"2025-04-11","Completed"
297,3,4,"2025-03-06","Completed"
298,3,4,"2025-07-16","Pending"
299,3,4,"2025-04-24","Completed"
300,3,4,"2025-03-09","Completed"
301,3,4,"2025-06-09","Completed"
302,3,4,"2025-07-22","Pending"
303,3,4,"2025-04-21","Completed"
304,3,5,"2025-06-30","Completed"
305,3,5,"2025-07-12","Completed"
306,3,5,"2025-01-15","Completed"
307,3,5,"2025-04-08","Completed"
308,3,5,"2025-03-11","Completed"
309,3,5,"2025-02-18","Completed"
310,3,5,"2025-04-05","Completed"
311,3,5,"2025-05-12","Completed"
312,3,5,"2025-04-27","Completed"
313,3,5,"2025-06-10","Completed"
314,3,5,"2025-05-29","Completed"
315,3,5,"2025-07-24","Completed"
316,3,5,"2025-06-21","Completed"
317,3,5,"2025-01-02","Completed"
318,3,5,"2025-04-19","Completed"
319,3,5,"2025-03-02","Completed"
320,3,5,"2025-07-03","Completed"
321,3,5,"2025-01-06","Completed"
322,3,5,"2025-07-15","Completed"
323,3,5,"2025-04-25","Completed"
324,3,5,"2025-06-28","Completed"
325,3,5,"2025-02-04","Completed"
326,3,5,"2025-02-05","Completed"
327,3,5,"2025-02-26","Completed"
328,3,5,"2025-02-14","Completed"
329,3,5,"2025-04-15","Completed"
330,3,5,"2025-02-16","Completed"
331,4,1,"2025-03-04","Completed"
332,4,1,"2025-02-13","Completed"
333,4,1,"2025-07-12","Completed"
334,4,1,"2025-03-20","Completed"
335,4,1,"2025-04-05","Completed"
336,4,1,"2025-05-03","Completed"
337,4,1,"2025-06-23","Completed"
338,4,1,"2025-02-10","Completed"
339,4,1,"2025-04-21","Completed"
340,4,1,"2025-07-17","Pending"
341,4,1,"2025-01-29","Completed"
342,4,1,"2025-06-20","Completed"
343,4,1,"2025-04-07","Completed"
344,4,1,"2025-01-15","Completed"
345,4,1,"2025-03-06","Completed"
346,4,1,"2025-04-30","Completed"
347,4,1,"2025-01-06","Completed"
348,4,1,"2025-05-26","Completed"
349,4,1,"2025-01-04","Completed"
350,4,1,"2025-03-02","Completed"
351,4,1,"2025-04-01","Completed"
352,4,1,"2025-04-14","Completed"
353,4,1,"2025-05-23","Completed"
354,4,1,"2025-04-04","Completed"
355,4,1,"2025-05-29","Completed"
356,4,1,"2025-07-26","Completed"
357,4,1,"2025-04-05","Completed"
358,4,1,"2025-03-05","Completed"
359,4,2,"2025-04-20","Completed"
360,4,2,"2025-06-09","Completed"
361,4,2,"2025-03-17","Completed"
362,4,2,"2025-03-25","Completed"
363,4,2,"2025-06-18","Completed"
364,4,2,"2025-05-07","Completed"
365,4,2,"2025-01-28","Completed"
366,4,2,"2025-03-29","Completed"
367,4,2,"2025-03-25","Completed"
368,4,2,"2025-05-07","Completed"
369,4,2,"2025-03-10","Completed"
370,4,2,"2025-05-26","Completed"
371,4,2,"2025-05-13","Completed"
372,4,2,"2025-05-08","Completed"
373,4,2,"2025-03-31","Completed"
374,4,2,"2025-01-16","Completed"
375,4,2,"2025-07-25","Pending"
376,4,2,"2025-01-14","Completed"
377,4,2,"2025-07-11","Completed"
378,4,2,"2025-07-18","Pending"
379,4,2,"2025-04-01","Completed"
380,4,2,"2025-04-16","Completed"
381,4,2,"2025-06-11","Completed"
382,4,2,"2025-01-11","Pending"
383,4,2,"2025-03-04","Completed"
384,4,2,"2025-07-25","Pending"
385,4,2,"2025-03-26","Completed"
386,4,3,"2025-06-23","Completed"
387,4,3,"2025-06-07","Completed"
388,4,3,"2025-03-31","Completed"
389,4,3,"2025-06-15","Completed"
390,4,3,"2025-03-19","Completed"
391,4,3,"2025-01-01","Completed"
392,4,3,"2025-04-21","Completed"
393,4,3,"2025-02-19","Completed"
394,4,3,"2025-01-15","Completed"
395,4,3,"2025-01-04","Completed"
396,4,3,"2025-07-17","Pending"
397,4,3,"2025-03-04","Pending"
398,4,3,"2025-06-26","Completed"
399,4,3,"2025-04-06","Completed"
400,4,3,"2025-01-13","Completed"
401,4,3,"2025-07-11","Completed"
402,4,3,"2025-02-14","Completed"
403,4,3,"2025-07-01","Completed"
404,4,3,"2025-07-18","Completed"
405,4,3,"2025-05-16","Completed"
406,4,3,"2025-01-12","Completed"
407,4,3,"2025-05-24","Completed"
408,4,3,"2025-07-05","Completed"
409,4,4,"2025-02-20","Completed"
410,4,4,"2025-04-27","Completed"
411,4,4,"2025-02-08","Completed"
412,4,4,"2025-01-27","Completed"
413,4,4,"2025-01-12","Completed"
414,4,4,"2025-05-03","Completed"
415,4,4,"2025-04-29","Completed"
416,4,4,"2025-05-15","Completed"
417,4,4,"2025-03-25","Completed"
418,4,4,"2025-07-02","Completed"
419,4,4,"2025-07-07","Completed"
420,4,4,"2025-06-27","Completed"
421,4,4,"2025-05-18","Completed"
422,4,4,"2025-07-15","Completed"
423,4,4,"2025-02-22","Completed"
424,4,4,"2025-03-08","Completed"
425,4,4,"2025-01-04","Completed"
426,4,4,"2025-06-07","Completed"
427,4,5,"2025-01-02","Completed"
428,4,5,"2025-06-14","Completed"
429,4,5,"2025-05-22","Completed"
430,4,5,"2025-04-10","Completed"
431,4,5,"2025-05-22","Completed"
432,4,5,"2025-05-23","Completed"
433,4,5,"2025-06-05","Completed"
434,4,5,"2025-01-09","Completed"
435,4,5,"2025-05-05","Completed"
436,4,5,"2025-06-23","Completed"
437,4,5,"2025-05-06","Completed"
438,4,5,"2025-06-11","Completed"
439,4,5,"2025-06-02","Completed"
440,4,5,"2025-07-23","Completed"
441,4,5,"2025-05-08","Completed"
442,4,5,"2025-05-29","Completed"
443,5,1,"2025-04-04","Completed"
444,5,1,"2025-05-13","Completed"
445,5,1,"2025-05-25","Completed"
446,5,1,"2025-03-04","Completed"
447,5,1,"2025-02-13","Completed"
448,5,1,"2025-07-06","Completed"
449,5,1,"2025-06-04","Completed"
450,5,1,"2025-03-04","Completed"
451,5,1,"2025-02-27","Completed"
452,5,1,"2025-04-03","Completed"
453,5,1,"2025-03-26","Completed"
454,5,1,"2025-04-23","Completed"
455,5,1,"2025-03-25","Completed"
456,5,1,"2025-07-18","Completed"
457,5,1,"2025-07-25","Pending"
458,5,1,"2025-07-09","Completed"
459,5,1,"2025-07-28","Pending"
460,5,1,"2025-05-07","Completed"
461,5,1,"2025-05-17","Completed"
462,5,1,"2025-06-09","Completed"
463,5,1,"2025-05-19","Completed"
464,5,1,"2025-03-25","Completed"
465,5,1,"2025-02-22","Completed"
466,5,1,"2025-04-29","Completed"
467,5,1,"2025-07-02","Completed"
468,5,1,"2025-01-29","Completed"
469,5,1,"2025-03-11","Completed"
470,5,2,"2025-01-04","Completed"
471,5,2,"2025-03-01","Completed"
472,5,2,"2025-01-20","Completed"
473,5,2,"2025-07-31","Completed"
474,5,2,"2025-04-12","Completed"
475,5,2,"2025-02-08","Completed"
476,5,2,"2025-01-07","Completed"
477,5,2,"2025-01-24","Completed"
478,5,2,"2025-05-29","Completed"
479,5,2,"2025-06-25","Completed"
480,5,2,"2025-01-14","Completed"
481,5,2,"2025-06-02","Completed"
482,5,2,"2025-06-08","Completed"
483,5,2,"2025-03-18","Completed"
484,5,2,"2025-01-10","Completed"
485,5,2,"2025-07-23","Pending"
486,5,2,"2025-05-29","Completed"
487,5,2,"2025-02-13","Completed"
488,5,2,"2025-05-28","Completed"
489,5,2,"2025-06-05","Pending"
490,5,2,"2025-02-09","Completed"
491,5,2,"2025-05-13","Completed"
492,5,2,"2025-02-23","Completed"
493,5,2,"2025-02-04","Completed"
494,5,2,"2025-03-26","Completed"
495,5,2,"2025-02-11","Completed"
496,5,3,"2025-03-10","Completed"
497,5,3,"2025-05-10","Completed"
498,5,3,"2025-03-14","Completed"
499,5,3,"2025-01-22","Completed"
500,5,3,"2025-01-01","Completed"
501,5,3,"2025-06-02","Completed"
502,5,3,"2025-07-09","Completed"
503,5,3,"2025-02-12","Completed"
504,5,3,"2025-05-30","Completed"
505,5,3,"2025-04-19","Completed"
506,5,3,"2025-01-29","Completed"
507,5,3,"2025-02-06","Completed"
508,5,3,"2025-02-23","Completed"
509,5,3,"2025-02-18","Completed"
510,5,3,"2025-05-31","Completed"
511,5,3,"2025-01-10","Completed"
512,5,3,"2025-07-22","Pending"
513,5,3,"2025-04-03","Pending"
514,5,3,"2025-05-30","Completed"
515,5,3,"2025-03-24","Completed"
516,5,3,"2025-03-29","Completed"
517,5,3,"2025-01-11","Completed"
518,5,3,"2025-04-09","Completed"
519,5,3,"2025-01-13","Completed"
520,5,3,"2025-07-12","Completed"
521,5,3,"2025-04-22","Completed"
522,5,4,"2025-03-04","Completed"
523,5,4,"2025-07-11","Pending"
524,5,4,"2025-07-06","Completed"
525,5,4,"2025-07-26","Completed"
526,5,4,"2025-01-09","Completed"
527,5,4,"2025-07-07","Pending"
528,5,4,"2025-01-30","Completed"
529,5,4,"2025-04-02","Completed"
530,5,4,"2025-06-30","Completed"
531,5,4,"2025-05-16","Completed"
532,5,4,"2025-01-02","Completed"
533,5,4,"2025-01-25","Completed"
534,5,4,"2025-01-10","Completed"
535,5,4,"2025-06-15","Completed"
536,5,4,"2025-06-01","Completed"
537,5,4,"2025-04-04","Completed"
538,5,4,"2025-03-14","Completed"
539,5,4,"2025-06-03","Completed"
540,5,4,"2025-05-29","Completed"
541,5,4,"2025-01-03","Completed"
542,5,4,"2025-03-23","Completed"
543,5,4,"2025-01-12","Completed"
544,5,4,"2025-07-02","Completed"
545,5,5,"2025-02-07","Completed"
546,5,5,"2025-03-07","Completed"
547,5,5,"2025-07-10","Completed"
548,5,5,"2025-01-12","Completed"
549,5,5,"2025-04-28","Completed"
550,5,5,"2025-01-16","Completed"
551,5,5,"2025-03-02","Completed"
552,5,5,"2025-06-02","Completed"
553,6,1,"2025-03-03","Completed"
554,6,1,"2025-01-20","Completed"
555,6,1,"2025-01-08","Completed"
556,6,1,"2025-03-15","Completed"
557,6,1,"2025-05-02","Completed"
558,6,1,"2025-01-17","Completed"
559,6,1,"2025-02-20","Completed"
560,6,1,"2025-05-08","Completed"
561,6,1,"2025-02-23","Completed"
562,6,1,"2025-07-09","Completed"
563,6,1,"2025-07-26","Pending"
564,6,1,"2025-03-31","Completed"
565,6,1,"2025-01-11","Completed"
566,6,1,"2025-02-03","Completed"
567,6,1,"2025-07-17","Pending"
568,6,1,"2025-03-13","Completed"
569,6,1,"2025-07-29","Pending"
570,6,1,"2025-05-14","Completed"
571,6,1,"2025-03-02","Completed"
572,6,1,"2025-05-05","Completed"
573,6,1,"2025-05-19","Completed"
574,6,2,"2025-04-15","Completed"
575,6,2,"2025-03-17","Completed"
576,6,2,"2025-05-22","Completed"
577,6,2,"2025-05-23","Completed"
578,6,2,"2025-04-07","Pending"
579,6,2,"2025-03-28","Completed"
580,6,2,"2025-06-09","Completed"
581,6,2,"2025-03-22","Completed"
582,6,2,"2025-05-22","Completed"
583,6,2,"2025-06-01","Completed"
584,6,2,"2025-05-26","Completed"
585,6,2,"2025-07-15","Pending"
586,6,2,"2025-05-20","Completed"
587,6,2,"2025-02-15","Completed"
588,6,2,"2025-05-30","Completed"
589,6,2,"2025-05-02","Completed"
590,6,2,"2025-05-28","Pending"
591,6,3,"2025-06-11","Completed"
592,6,3,"2025-04-02","Completed"
593,6,3,"2025-06-24","Completed"
594,6,3,"2025-05-16","Pending"
595,6,3,"2025-03-16","Completed"
596,6,3,"2025-05-11","Completed"
597,6,3,"2025-06-22","Completed"
598,6,3,"2025-07-13","Completed"
599,6,3,"2025-01-18","Completed"
600,6,3,"2025-02-17","Completed"
601,6,3,"2025-05-01","Completed"
602,6,3,"2025-01-22","Completed"
603,6,3,"2025-01-24","Pending"
604,6,3,"2025-07-01","Completed"
605,6,3,"2025-05-11","Completed"
606,6,3,"2025-02-14","Completed"
607,6,3,"2025-03-07","Completed"
608,6,3,"2025-07-26","Pending"
609,6,3,"2025-05-23","Completed"
610,6,3,"2025-03-06","Completed"
611,6,3,"2025-06-25","Completed"
612,6,3,"2025-03-13","Completed"
613,6,3,"2025-07-17","Completed"
614,6,3,"2025-04-19","Completed"
615,6,4,"2025-04-18","Completed"
616,6,4,"2025-06-04","Completed"
617,6,4,"2025-03-10","Completed"
618,6,4,"2025-01-11","Pending"
619,6,4,"2025-05-07","Completed"
620,6,4,"2025-06-04","Completed"
621,6,4,"2025-04-07","Completed"
622,6,4,"2025-06-18","Completed"
623,6,4,"2025-02-19","Completed"
624,6,5,"2025-05-18","Completed"
625,6,5,"2025-03-10","Completed"
626,6,5,"2025-04-28","Completed"
627,6,5,"2025-01-17","Completed"
628,6,5,"2025-04-21","Completed"
629,6,5,"2025-03-23","Completed"
630,6,5,"2025-02-04","Completed"
631,6,5,"2025-06-13","Completed"
632,6,5,"2025-06-02","Completed"
633,6,5,"2025-02-18","Completed"
634,6,5,"2025-06-15","Completed"
635,6,5,"2025-04-25","Completed"
636,6,5,"2025-03-18","Completed"
637,6,5,"2025-02-19","Completed"
638,6,5,"2025-06-13","Completed"
639,6,5,"2025-02-08","Completed"
640,6,5,"2025-03-27","Completed"
641,6,5,"2025-04-03","Completed"
642,6,5,"2025-03-04","Completed"
643,6,5,"2025-06-23","Completed"
644,6,5,"2025-06-22","Completed"
645,6,5,"2025-02-01","Completed"
646,6,5,"2025-05-16","Completed"
647,6,5,"2025-04-07","Completed"
648,6,5,"2025-07-02","Completed"
649,6,5,"2025-07-02","Pending"
650,6,5,"2025-07-06","Completed"
651,6,5,"2025-04-02","Completed"
652,7,1,"2025-01-16","Completed"
653,7,1,"2025-03-30","Completed"
654,7,1,"2025-02-08","Completed"
655,7,1,"2025-04-01","Completed"
656,7,1,"2025-03-16","Completed"
657,7,1,"2025-05-23","Completed"
658,7,1,"2025-04-23","Completed"
659,7,1,"2025-06-21","Completed"
660,7,1,"2025-02-16","Completed"
661,7,1,"2025-06-10","Completed"
662,7,1,"2025-04-26","Completed"
663,7,1,"2025-01-12","Completed"
664,7,1,"2025-01-18","Completed"
665,7,1,"2025-03-16","Completed"
666,7,1,"2025-06-26","Completed"
667,7,1,"2025-05-10","Completed"
668,7,1,"2025-05-03","Completed"
669,7,1,"2025-05-04","Completed"
670,7,1,"2025-02-25","Completed"
671,7,2,"2025-03-15","Completed"
672,7,2,"2025-03-17","Completed"
673,7,2,"2025-07-05","Completed"
674,7,2,"2025-03-26","Completed"
675,7,2,"2025-07-06","Completed"
676,7,2,"2025-03-08","Completed"
677,7,2,"2025-07-12","Completed"
678,7,2,"2025-05-16","Completed"
679,7,2,"2025-04-28","Completed"
680,7,2,"2025-06-07","Completed"
681,7,3,"2025-07-29","Completed"
682,7,3,"2025-02-05","Completed"
683,7,3,"2025-05-18","Completed"
684,7,3,"2025-06-09","Completed"
685,7,3,"2025-03-10","Completed"
686,7,3,"2025-05-09","Completed"
687,7,3,"2025-02-22","Completed"
688,7,3,"2025-07-14","Completed"
689,7,3,"2025-05-15","Completed"
690,7,3,"2025-01-03","Completed"
691,7,3,"2025-03-26","Completed"
692,7,3,"2025-01-13","Completed"
693,7,3,"2025-01-19","Completed"
694,7,4,"2025-06-18","Completed"
695,7,4,"2025-02-18","Completed"
696,7,4,"2025-06-12","Completed"
697,7,4,"2025-02-08","Completed"
698,7,4,"2025-02-26","Completed"
699,7,4,"2025-03-01","Completed"
700,7,4,"2025-05-31","Completed"
701,7,4,"2025-02-06","Completed"
702,7,4,"2025-03-08","Completed"
703,7,4,"2025-07-14","Completed"
704,7,4,"2025-05-01","Completed"
705,7,4,"2025-04-07","Completed"
706,7,4,"2025-04-12","Completed"
707,7,4,"2025-04-08","Completed"
708,7,4,"2025-02-22","Completed"
709,7,4,"2025-04-16","Completed"
710,7,4,"2025-05-28","Completed"
711,7,4,"2025-06-12","Completed"
712,7,4,"2025-07-18","Completed"
713,7,4,"2025-03-10","Completed"
714,7,4,"2025-03-01","Completed"
715,7,4,"2025-01-15","Completed"
716,7,5,"2025-04-09","Completed"
717,7,5,"2025-03-28","Completed"
718,7,5,"2025-06-15","Completed"
719,7,5,"2025-05-20","Completed"
720,7,5,"2025-01-08","Completed"
721,7,5,"2025-01-20","Completed"
722,7,5,"2025-04-19","Completed"
723,7,5,"2025-01-08","Completed"
724,7,5,"2025-05-05","Completed"
725,7,5,"2025-04-05","Completed"
726,7,5,"2025-05-13","Completed"
727,7,5,"2025-02-07","Completed"
728,7,5,"2025-02-28","Completed"
729,7,5,"2025-05-08","Completed"
730,7,5,"2025-03-07","Completed"
731,7,5,"2025-03-01","Completed"
732,7,5,"2025-06-15","Completed"
733,7,5,"2025-05-25","Completed"
734,7,5,"2025-07-07","Completed"
735,7,5,"2025-04-14","Completed"
736,7,5,"2025-07-07","Completed"
737,7,5,"2025-02-03","Completed"
738,7,5,"2025-04-07","Completed"
739,7,5,"2025-07-14","Completed"
740,7,5,"2025-04-11","Completed"
741,7,5,"2025-07-12","Completed"
742,7,5,"2025-07-17","Pending"
743,7,5,"2025-07-29","Completed"
744,7,5,"2025-05-07","Completed"
745,8,1,"2025-07-25","Pending"
746,8,1,"2025-03-26","Completed"
747,8,1,"2025-04-27","Completed"
748,8,1,"2025-01-02","Completed"
749,8,1,"2025-04-20","Completed"
750,8,1,"2025-02-08","Completed"
751,8,1,"2025-04-09","Completed"
752,8,1,"2025-07-09","Completed"
753,8,1,"2025-02-12","Completed"
754,8,1,"2025-03-02","Completed"
755,8,1,"2025-04-13","Completed"
756,8,1,"2025-04-24","Completed"
757,8,1,"2025-02-25","Completed"
758,8,1,"2025-07-26","Pending"
759,8,1,"2025-01-27","Completed"
760,8,1,"2025-02-14","Completed"
761,8,1,"2025-02-13","Completed"
762,8,1,"2025-04-03","Completed"
763,8,2,"2025-03-08","Completed"
764,8,2,"2025-04-22","Completed"
765,8,2,"2025-02-19","Completed"
766,8,2,"2025-07-10","Completed"
767,8,2,"2025-02-19","Completed"
768,8,2,"2025-04-14","Completed"
769,8,2,"2025-07-17","Completed"
770,8,2,"2025-04-18","Completed"
771,8,2,"2025-07-19","Completed"
772,8,2,"2025-06-12","Completed"
773,8,2,"2025-04-05","Completed"
774,8,2,"2025-02-16","Completed"
775,8,2,"2025-03-12","Completed"
776,8,2,"2025-01-22","Pending"
777,8,2,"2025-04-20","Completed"
778,8,2,"2025-01-28","Completed"
779,8,2,"2025-07-21","Pending"
780,8,2,"2025-07-13","Completed"
781,8,2,"2025-07-28","Pending"
782,8,2,"2025-07-03","Pending"
783,8,2,"2025-02-17","Completed"
784,8,2,"2025-01-21","Completed"
785,8,2,"2025-01-29","Completed"
786,8,3,"2025-06-01","Completed"
787,8,3,"2025-04-02","Completed"
788,8,3,"2025-03-22","Completed"
789,8,3,"2025-01-30","Completed"
790,8,3,"2025-07-14","Completed"
791,8,3,"2025-03-27","Completed"
792,8,3,"2025-04-23","Completed"
793,8,3,"2025-07-14","Completed"
794,8,3,"2025-05-26","Completed"
795,8,3,"2025-06-11","Completed"
796,8,3,"2025-02-14","Completed"
797,8,3,"2025-05-27","Completed"
798,8,3,"2025-07-30","Pending"
799,8,4,"2025-02-18","Completed"
800,8,4,"2025-01-19","Completed"
801,8,4,"2025-03-19","Completed"
802,8,4,"2025-06-09","Completed"
803,8,4,"2025-06-26","Completed"
804,8,4,"2025-01-22","Completed"
805,8,4,"2025-06-19","Completed"
806,8,4,"2025-04-02","Completed"
807,8,4,"2025-05-21","Completed"
808,8,4,"2025-01-11","Completed"
809,8,4,"2025-04-03","Completed"
810,8,4,"2025-06-08","Completed"
811,8,4,"2025-04-20","Completed"
812,8,4,"2025-06-14","Completed"
813,8,4,"2025-05-08","Completed"
814,8,4,"2025-03-26","Completed"
815,8,4,"2025-03-24","Completed"
816,8,5,"2025-04-18","Completed"
817,8,5,"2025-01-26","Completed"
818,8,5,"2025-04-13","Completed"
819,8,5,"2025-02-24","Completed"
820,8,5,"2025-04-04","Completed"
821,8,5,"2025-07-21","Completed"
822,8,5,"2025-01-16","Completed"
823,8,5,"2025-06-28","Completed"
824,8,5,"2025-03-04","Completed"
825,9,1,"2025-02-18","Completed"
826,9,1,"2025-07-22","Completed"
827,9,1,"2025-02-09","Completed"
828,9,1,"2025-06-15","Completed"
829,9,1,"2025-02-09","Completed"
830,9,1,"2025-01-02","Completed"
831,9,1,"2025-01-20","Completed"
832,9,2,"2025-03-11","Completed"
833,9,2,"2025-06-04","Completed"
834,9,2,"2025-01-19","Completed"
835,9,2,"2025-05-17","Completed"
836,9,2,"2025-05-11","Completed"
837,9,2,"2025-04-25","Completed"
838,9,2,"2025-03-31","Completed"
839,9,3,"2025-06-07","Completed"
840,9,3,"2025-07-26","Completed"
841,9,3,"2025-05-26","Completed"
842,9,3,"2025-07-11","Completed"
843,9,3,"2025-04-20","Completed"
844,9,3,"2025-04-11","Completed"
845,9,3,"2025-05-20","Completed"
846,9,3,"2025-05-30","Completed"
847,9,3,"2025-03-31","Completed"
848,9,3,"2025-05-21","Completed"
849,9,3,"2025-04-03","Completed"
850,9,3,"2025-02-24","Completed"
851,9,3,"2025-01-06","Completed"
852,9,3,"2025-05-15","Completed"
853,9,3,"2025-03-19","Completed"
854,9,3,"2025-04-27","Completed"
855,9,3,"2025-07-17","Completed"
856,9,3,"2025-05-17","Completed"
857,9,3,"2025-03-04","Completed"
858,9,3,"2025-01-30","Completed"
859,9,4,"2025-07-22","Completed"
860,9,4,"2025-03-26","Completed"
861,9,4,"2025-06-16","Completed"
862,9,4,"2025-02-21","Completed"
863,9,4,"2025-02-07","Completed"
864,9,4,"2025-06-14","Completed"
865,9,4,"2025-05-30","Completed"
866,9,4,"2025-04-03","Completed"
867,9,4,"2025-01-23","Completed"
868,9,4,"2025-06-29","Completed"
869,9,4,"2025-05-04","Completed"
870,9,4,"2025-05-23","Completed"
871,9,4,"2025-03-31","Completed"
872,9,4,"2025-03-30","Completed"
873,9,4,"2025-01-15","Completed"
874,9,4,"2025-01-02","Completed"
875,9,4,"2025-04-09","Completed"
876,9,4,"2025-04-13","Completed"
877,9,4,"2025-04-07","Completed"
878,9,4,"2025-05-25","Completed"
879,9,5,"2025-01-29","Completed"
880,9,5,"2025-04-01","Completed"
881,9,5,"2025-06-20","Completed"
882,9,5,"2025-01-31","Completed"
883,9,5,"2025-01-03","Completed"
884,9,5,"2025-06-08","Completed"
885,9,5,"2025-02-03","Completed"
886,9,5,"2025-05-28","Completed"
887,9,5,"2025-06-27","Completed"
888,9,5,"2025-03-24","Completed"
889,9,5,"2025-07-28","Pending"
890,10,1,"2025-03-16","Completed"
891,10,1,"2025-04-23","Completed"
892,10,1,"2025-06-11","Completed"
893,10,1,"2025-02-15","Completed"
894,10,1,"2025-03-16","Completed"
895,10,1,"2025-03-03","Completed"
896,10,1,"2025-04-28","Completed"
897,10,1,"2025-02-25","Completed"
898,10,1,"2025-02-06","Pending"
899,10,1,"2025-05-19","Completed"
900,10,1,"2025-01-03","Completed"
901,10,2,"2025-04-22","Completed"
902,10,2,"2025-07-29","Pending"
903,10,2,"2025-01-01","Completed"
904,10,2,"2025-04-26","Completed"
905,10,2,"2025-01-17","Completed"
906,10,2,"2025-07-24","Completed"
907,10,2,"2025-07-16","Pending"
908,10,2,"2025-03-07","Completed"
909,10,2,"2025-06-30","Completed"
910,10,2,"2025-03-28","Pending"
911,10,2,"2025-05-10","Completed"
912,10,2,"2025-03-12","Completed"
913,10,2,"2025-02-19","Completed"
914,10,2,"2025-06-03","Completed"
915,10,2,"2025-07-17","Completed"
916,10,2,"2025-06-03","Completed"
917,10,2,"2025-04-13","Completed"
918,10,2,"2025-03-10","Completed"
919,10,3,"2025-01-31","Completed"
920,10,3,"2025-04-11","Completed"
921,10,3,"2025-06-16","Completed"
922,10,3,"2025-07-14","Completed"
923,10,3,"2025-05-08","Completed"
924,10,3,"2025-07-11","Completed"
925,10,3,"2025-02-09","Completed"
926,10,3,"2025-06-09","Completed"
927,10,3,"2025-05-14","Completed"
928,10,3,"2025-06-04","Completed"
929,10,3,"2025-05-26","Completed"
930,10,3,"2025-07-07","Completed"
931,10,3,"2025-02-01","Completed"
932,10,3,"2025-05-12","Completed"
933,10,3,"2025-07-15","Completed"
934,10,3,"2025-05-08","Completed"
935,10,3,"2025-07-30","Pending"
936,10,3,"2025-01-10","Completed"
937,10,3,"2025-02-11","Completed"
938,10,3,"2025-07-26","Pending"
939,10,3,"2025-01-11","Completed"
940,10,3,"2025-07-02","Completed"
941,10,3,"2025-05-27","Completed"
942,10,4,"2025-01-19","Completed"
943,10,4,"2025-03-03","Completed"
944,10,4,"2025-06-02","Completed"
945,10,4,"2025-04-15","Completed"
946,10,4,"2025-04-22","Completed"
947,10,4,"2025-04-30","Completed"
948,10,4,"2025-07-12","Pending"
949,10,4,"2025-01-19","Completed"
950,10,4,"2025-04-05","Completed"
951,10,4,"2025-07-27","Completed"
952,10,4,"2025-02-15","Completed"
953,10,4,"2025-07-30","Completed"
954,10,4,"2025-04-21","Completed"
955,10,4,"2025-07-25","Completed"
956,10,4,"2025-03-21","Completed"
957,10,4,"2025-05-26","Completed"
958,10,4,"2025-05-25","Completed"
959,10,5,"2025-01-13","Completed"
960,10,5,"2025-03-18","Completed"
961,10,5,"2025-07-05","Completed"
962,10,5,"2025-04-19","Completed"
963,10,5,"2025-04-10","Completed"
964,10,5,"2025-07-19","Completed"
965,10,5,"2025-01-29","Completed"
966,10,5,"2025-03-07","Completed"
967,10,5,"2025-06-22","Completed"
968,10,5,"2025-05-10","Completed"
969,10,5,"2025-05-15","Completed"
970,10,5,"2025-01-03","Completed"
971,10,5,"2025-01-12","Completed"
972,10,5,"2025-03-27","Completed"
973,10,5,"2025-03-26","Completed"
974,10,5,"2025-07-21","Pending"
975,10,5,"2025-04-21","Completed"
976,10,5,"2025-03-25","Completed"
977,10,5,"2025-07-29","Completed"
978,10,5,"2025-02-27","Completed"
979,10,5,"2025-06-02","Completed"
980,10,5,"2025-01-13","Completed"
981,10,5,"2025-07-19","Pending"
982,10,5,"2025-07-02","Pending"
983,10,5,"2025-05-08","Completed"
984,10,5,"2025-04-02","Completed"
985,10,5,"2025-01-30","Completed"
986,11,1,"2025-02-23","Completed"
987,11,1,"2025-01-07","Completed"
988,11,1,"2025-04-16","Completed"
989,11,1,"2025-06-15","Completed"
990,11,1,"2025-05-25","Completed"
991,11,1,"2025-07-11","Pending"
992,11,1,"2025-03-29","Completed"
993,11,1,"2025-01-07","Completed"
994,11,1,"2025-05-24","Completed"
995,11,1,"2025-04-24","Completed"
996,11,1,"2025-04-12","Completed"
997,11,1,"2025-02-04","Completed"
998,11,1,"2025-01-29","Completed"
999,11,1,"2025-05-31","Completed"
1000,11,1,"2025-01-04","Completed"
1001,11,1,"2025-04-19","Completed"
1002,11,1,"2025-01-13","Completed"
1003,11,1,"2025-07-21","Pending"
1004,11,1,"2025-02-02","Pending"
1005,11,1,"2025-03-31","Completed"
1006,11,1,"2025-07-03","Completed"
1007,11,1,"2025-03-07","Completed"
1008,11,1,"2025-01-14","Completed"
1009,11,1,"2025-07-28","Completed"
1010,11,1,"2025-04-28","Completed"
1011,11,1,"2025-06-22","Completed"
1012,11,1,"2025-05-12","Completed"
1013,11,2,"2025-07-03","Completed"
1014,11,2,"2025-03-18","Completed"
1015,11,2,"2025-07-16","Pending"
1016,11,2,"2025-03-11","Completed"
1017,11,2,"2025-04-29","Completed"
1018,11,2,"2025-01-15","Completed"
1019,11,2,"2025-04-13","Completed"
1020,11,2,"2025-06-10","Completed"
1021,11,2,"2025-07-18","Completed"
1022,11,2,"2025-04-23","Completed"
1023,11,2,"2025-02-12","Completed"
1024,11,2,"2025-01-21","Completed"
1025,11,2,"2025-03-18","Completed"
1026,11,2,"2025-04-11","Completed"
1027,11,2,"2025-03-27","Completed"
1028,11,2,"2025-07-04","Pending"
1029,11,2,"2025-04-13","Completed"
1030,11,2,"2025-07-19","Completed"
1031,11,2,"2025-03-02","Completed"
1032,11,2,"2025-03-05","Completed"
1033,11,2,"2025-03-22","Completed"
1034,11,2,"2025-07-24","Completed"
1035,11,3,"2025-07-17","Pending"
1036,11,3,"2025-07-04","Completed"
1037,11,3,"2025-01-29","Completed"
1038,11,3,"2025-03-29","Completed"
1039,11,3,"2025-01-08","Completed"
1040,11,3,"2025-01-21","Completed"
1041,11,3,"2025-05-04","Completed"
1042,11,3,"2025-04-09","Completed"
1043,11,3,"2025-01-01","Completed"
1044,11,3,"2025-06-10","Completed"
1045,11,3,"2025-04-24","Completed"
1046,11,3,"2025-02-02","Completed"
1047,11,3,"2025-02-20","Completed"
1048,11,3,"2025-01-03","Completed"
1049,11,3,"2025-01-02","Completed"
1050,11,3,"2025-04-09","Completed"
1051,11,3,"2025-03-10","Completed"
1052,11,3,"2025-01-16","Completed"
1053,11,3,"2025-01-14","Completed"
1054,11,3,"2025-02-24","Completed"
1055,11,3,"2025-04-09","Completed"
1056,11,4,"2025-03-22","Completed"
1057,11,4,"2025-03-10","Completed"
1058,11,4,"2025-05-27","Completed"
1059,11,4,"2025-05-01","Completed"
1060,11,4,"2025-03-03","Completed"
1061,11,4,"2025-04-17","Completed"
1062,11,4,"2025-05-02","Completed"
1063,11,4,"2025-06-05","Completed"
1064,11,4,"2025-07-13","Completed"
1065,11,4,"2025-06-06","Completed"
1066,11,4,"2025-02-09","Completed"
1067,11,4,"2025-05-21","Completed"
1068,11,4,"2025-06-04","Completed"
1069,11,4,"2025-02-07","Completed"
1070,11,4,"2025-05-04","Completed"
1071,11,4,"2025-07-03","Completed"
1072,11,4,"2025-06-22","Completed"
1073,11,4,"2025-06-08","Completed"
1074,11,4,"2025-06-21","Completed"
1075,11,4,"2025-06-17","Completed"
1076,11,4,"2025-03-21","Completed"
1077,11,4,"2025-04-03","Completed"
1078,11,4,"2025-01-01","Completed"
1079,11,4,"2025-02-07","Completed"
1080,11,4,"2025-07-29","Completed"
1081,11,4,"2025-07-04","Completed"
1082,11,4,"2025-06-24","Completed"
1083,11,4,"2025-06-19","Completed"
1084,11,5,"2025-06-15","Completed"
1085,11,5,"2025-04-28","Completed"
1086,11,5,"2025-03-06","Completed"
1087,11,5,"2025-01-05","Completed"
1088,11,5,"2025-02-20","Completed"
1089,11,5,"2025-04-13","Completed"
1090,11,5,"2025-03-13","Completed"
1091,11,5,"2025-04-21","Completed"
1092,11,5,"2025-05-14","Completed"
1093,11,5,"2025-02-18","Completed"
1094,11,5,"2025-06-19","Completed"
1095,11,5,"2025-04-20","Completed"
1096,12,1,"2025-05-19","Completed"
1097,12,1,"2025-04-09","Completed"
1098,12,1,"2025-07-31","Pending"
1099,12,1,"2025-06-14","Completed"
1100,12,1,"2025-04-23","Completed"
1101,12,1,"2025-06-29","Completed"
1102,12,1,"2025-03-07","Completed"
1103,12,1,"2025-01-11","Completed"
1104,12,1,"2025-07-21","Completed"
1105,12,2,"2025-01-17","Completed"
1106,12,2,"2025-07-12","Completed"
1107,12,2,"2025-04-15","Completed"
1108,12,2,"2025-04-08","Completed"
1109,12,2,"2025-05-20","Completed"
1110,12,2,"2025-07-09","Pending"
1111,12,2,"2025-02-24","Completed"
1112,12,2,"2025-05-19","Completed"
1113,12,2,"2025-07-20","Pending"
1114,12,2,"2025-04-08","Completed"
1115,12,2,"2025-07-19","Completed"
1116,12,2,"2025-05-14","Completed"
1117,12,2,"2025-06-20","Completed"
1118,12,2,"2025-01-31","Completed"
1119,12,2,"2025-03-25","Completed"
1120,12,2,"2025-04-27","Completed"
1121,12,2,"2025-04-07","Completed"
1122,12,2,"2025-05-12","Completed"
1123,12,2,"2025-04-30","Completed"
1124,12,2,"2025-05-12","Completed"
1125,12,2,"2025-07-30","Completed"
1126,12,2,"2025-02-11","Completed"
1127,12,2,"2025-06-08","Completed"
1128,12,2,"2025-01-19","Completed"
1129,12,2,"2025-02-12","Completed"
1130,12,2,"2025-06-08","Completed"
1131,12,2,"2025-06-05","Completed"
1132,12,3,"2025-02-27","Completed"
1133,12,3,"2025-01-09","Completed"
1134,12,3,"2025-06-20","Completed"
1135,12,3,"2025-05-08","Completed"
1136,12,3,"2025-02-05","Completed"
1137,12,3,"2025-03-09","Completed"
1138,12,3,"2025-03-02","Completed"
1139,12,3,"2025-04-09","Completed"
1140,12,3,"2025-01-21","Completed"
1141,12,3,"2025-02-20","Completed"
1142,12,3,"2025-01-27","Completed"
1143,12,3,"2025-04-27","Completed"
1144,12,3,"2025-05-22","Completed"
1145,12,4,"2025-04-14","Completed"
1146,12,4,"2025-05-14","Pending"
1147,12,4,"2025-05-28","Completed"
1148,12,4,"2025-06-05","Completed"
1149,12,4,"2025-01-12","Completed"
1150,12,4,"2025-04-19","Completed"
1151,12,4,"2025-01-27","Completed"
1152,12,4,"2025-06-26","Completed"
1153,12,4,"2025-06-27","Completed"
1154,12,4,"2025-04-27","Completed"
1155,12,4,"2025-04-08","Completed"
1156,12,4,"2025-03-29","Completed"
1157,12,4,"2025-01-16","Completed"
1158,12,4,"2025-04-08","Completed"
1159,12,4,"2025-05-27","Completed"
1160,12,4,"2025-04-28","Completed"
1161,12,4,"2025-04-28","Completed"
1162,12,4,"2025-01-26","Completed"
1163,12,4,"2025-06-14","Completed"
1164,12,4,"2025-03-16","Completed"
1165,12,4,"2025-03-21","Completed"
1166,12,4,"2025-06-07","Completed"
1167,12,4,"2025-04-02","Completed"
1168,12,5,"2025-01-28","Completed"
1169,12,5,"2025-01-30","Completed"
1170,12,5,"2025-04-12","Completed"
1171,12,5,"2025-06-01","Completed"
1172,12,5,"2025-03-23","Completed"
1173,12,5,"2025-01-11","Completed"
1174,12,5,"2025-01-07","Completed"
1175,12,5,"2025-03-03","Completed"
1176,12,5,"2025-01-07","Completed"
1177,12,5,"2025-05-04","Completed"
1178,12,5,"2025-05-10","Completed"
1179,12,5,"2025-03-31","Completed"
1180,12,5,"2025-05-31","Completed"
1181,12,5,"2025-02-15","Completed"
1182,12,5,"2025-01-06","Completed"
1183,12,5,"2025-02-24","Completed"
1184,12,5,"2025-07-07","Completed"
1185,12,5,"2025-04-15","Completed"
1186,12,5,"2025-03-09","Completed"
1187,12,5,"2025-03-18","Completed"
1188,12,5,"2025-03-23","Completed"
1189,13,1,"2025-06-19","Completed"
1190,13,1,"2025-07-26","Completed"
1191,13,1,"2025-07-14","Completed"
1192,13,1,"2025-03-29","Completed"
1193,13,1,"2025-07-20","Pending"
1194,13,1,"2025-04-21","Completed"
1195,13,1,"2025-02-22","Completed"
1196,13,1,"2025-03-07","Completed"
1197,13,2,"2025-07-27","Completed"
1198,13,2,"2025-01-06","Completed"
1199,13,2,"2025-03-28","Completed"
1200,13,2,"2025-04-07","Completed"
1201,13,2,"2025-06-03","Completed"
1202,13,2,"2025-01-01","Completed"
1203,13,2,"2025-02-11","Completed"
1204,13,2,"2025-05-22","Completed"
1205,13,2,"2025-01-30","Completed"
1206,13,2,"2025-01-04","Completed"
1207,13,2,"2025-02-22","Completed"
1208,13,2,"2025-03-02","Completed"
1209,13,2,"2025-05-16","Completed"
1210,13,2,"2025-01-27","Completed"
1211,13,2,"2025-05-19","Completed"
1212,13,2,"2025-06-21","Completed"
1213,13,2,"2025-05-13","Completed"
1214,13,3,"2025-04-03","Completed"
1215,13,3,"2025-03-03","Completed"
1216,13,3,"2025-01-17","Pending"
1217,13,3,"2025-04-03","Completed"
1218,13,3,"2025-01-25","Completed"
1219,13,3,"2025-07-30","Completed"
1220,13,3,"2025-07-20","Pending"
1221,13,3,"2025-05-15","Completed"
1222,13,3,"2025-02-09","Completed"
1223,13,3,"2025-05-22","Completed"
1224,13,3,"2025-07-28","Completed"
1225,13,3,"2025-03-01","Completed"
1226,13,3,"2025-07-05","Completed"
1227,13,3,"2025-03-17","Completed"
1228,13,3,"2025-06-24","Completed"
1229,13,3,"2025-03-20","Completed"
1230,13,3,"2025-05-08","Completed"
1231,13,3,"2025-05-26","Completed"
1232,13,3,"2025-05-28","Completed"
1233,13,3,"2025-01-12","Completed"
1234,13,3,"2025-02-15","Completed"
1235,13,3,"2025-03-03","Completed"
1236,13,3,"2025-07-07","Completed"
1237,13,3,"2025-05-23","Completed"
1238,13,3,"2025-01-02","Completed"
1239,13,3,"2025-01-02","Completed"
1240,13,3,"2025-03-01","Completed"
1241,13,4,"2025-06-04","Completed"
1242,13,4,"2025-02-06","Completed"
1243,13,4,"2025-07-01","Pending"
1244,13,4,"2025-05-05","Completed"
1245,13,4,"2025-04-14","Completed"
1246,13,4,"2025-04-04","Completed"
1247,13,4,"2025-04-18","Completed"
1248,13,4,"2025-02-06","Completed"
1249,13,4,"2025-01-15","Completed"
1250,13,4,"2025-03-13","Pending"
1251,13,4,"2025-05-10","Completed"
1252,13,4,"2025-02-03","Completed"
1253,13,4,"2025-03-12","Completed"
1254,13,4,"2025-02-24","Completed"
1255,13,4,"2025-02-15","Completed"
1256,13,4,"2025-03-30","Completed"
1257,13,4,"2025-01-17","Completed"
1258,13,4,"2025-04-18","Completed"
1259,13,5,"2025-01-21","Completed"
1260,13,5,"2025-06-20","Completed"
1261,13,5,"2025-04-23","Completed"
1262,13,5,"2025-06-02","Completed"
1263,13,5,"2025-06-05","Completed"
1264,13,5,"2025-03-02","Completed"
1265,13,5,"2025-04-01","Completed"
1266,13,5,"2025-05-30","Completed"
1267,13,5,"2025-03-05","Completed"
1268,13,5,"2025-05-17","Completed"
1269,13,5,"2025-05-04","Completed"
1270,14,1,"2025-02-24","Completed"
1271,14,1,"2025-05-29","Completed"
1272,14,1,"2025-05-19","Completed"
1273,14,1,"2025-06-16","Completed"
1274,14,1,"2025-05-29","Completed"
1275,14,1,"2025-04-21","Completed"
1276,14,1,"2025-07-29","Completed"
1277,14,1,"2025-05-03","Completed"
1278,14,1,"2025-04-13","Completed"
1279,14,1,"2025-04-12","Completed"
1280,14,1,"2025-03-03","Completed"
1281,14,1,"2025-02-20","Completed"
1282,14,1,"2025-03-09","Completed"
1283,14,1,"2025-05-13","Completed"
1284,14,1,"2025-02-10","Completed"
1285,14,1,"2025-01-22","Completed"
1286,14,1,"2025-07-02","Pending"
1287,14,1,"2025-02-05","Completed"
1288,14,1,"2025-05-22","Completed"
1289,14,1,"2025-01-11","Completed"
1290,14,1,"2025-06-14","Completed"
1291,14,2,"2025-04-17","Completed"
1292,14,2,"2025-02-07","Completed"
1293,14,2,"2025-03-05","Completed"
1294,14,2,"2025-05-24","Completed"
1295,14,2,"2025-01-28","Completed"
1296,14,2,"2025-02-25","Completed"
1297,14,2,"2025-03-31","Completed"
1298,14,2,"2025-05-13","Completed"
1299,14,2,"2025-07-27","Completed"
1300,14,2,"2025-05-17","Completed"
1301,14,2,"2025-07-29","Pending"
1302,14,2,"2025-02-23","Completed"
1303,14,2,"2025-03-20","Completed"
1304,14,2,"2025-04-27","Completed"
1305,14,2,"2025-04-25","Completed"
1306,14,2,"2025-05-08","Completed"
1307,14,3,"2025-03-31","Completed"
1308,14,3,"2025-07-01","Completed"
1309,14,3,"2025-03-15","Completed"
1310,14,3,"2025-04-07","Completed"
1311,14,3,"2025-01-30","Completed"
1312,14,3,"2025-07-30","Pending"
1313,14,3,"2025-01-21","Completed"
1314,14,3,"2025-02-20","Completed"
1315,14,3,"2025-01-23","Completed"
1316,14,3,"2025-07-05","Completed"
1317,14,3,"2025-05-02","Completed"
1318,14,3,"2025-06-11","Pending"
1319,14,3,"2025-04-18","Completed"
1320,14,3,"2025-07-18","Pending"
1321,14,3,"2025-04-30","Completed"
1322,14,3,"2025-01-30","Completed"
1323,14,3,"2025-03-16","Completed"
1324,14,3,"2025-05-24","Completed"
1325,14,3,"2025-04-08","Completed"
1326,14,3,"2025-03-23","Completed"
1327,14,3,"2025-02-23","Completed"
1328,14,3,"2025-06-29","Completed"
1329,14,4,"2025-02-28","Completed"
1330,14,4,"2025-05-23","Completed"
1331,14,4,"2025-01-08","Completed"
1332,14,4,"2025-05-01","Completed"
1333,14,4,"2025-07-04","Completed"
1334,14,4,"2025-07-11","Completed"
1335,14,4,"2025-06-24","Completed"
1336,14,4,"2025-02-06","Completed"
1337,14,4,"2025-07-10","Completed"
1338,14,4,"2025-03-01","Completed"
1339,14,4,"2025-07-09","Completed"
1340,14,4,"2025-04-29","Completed"
1341,14,4,"2025-01-18","Completed"
1342,14,4,"2025-05-06","Completed"
1343,14,5,"2025-01-23","Completed"
1344,14,5,"2025-07-21","Pending"
1345,14,5,"2025-04-19","Completed"
1346,14,5,"2025-05-09","Completed"
1347,14,5,"2025-06-20","Completed"
1348,14,5,"2025-06-27","Completed"
1349,14,5,"2025-05-16","Completed"
1350,14,5,"2025-07-03","Completed"
1351,14,5,"2025-03-31","Pending"
1352,14,5,"2025-02-24","Completed"
1353,14,5,"2025-05-28","Completed"
1354,14,5,"2025-02-22","Completed"
1355,14,5,"2025-01-17","Completed"
1356,14,5,"2025-06-15","Completed"
1357,14,5,"2025-06-05","Completed"
1358,14,5,"2025-04-14","Completed"
1359,14,5,"2025-01-01","Completed"
1360,14,5,"2025-04-21","Completed"
1361,14,5,"2025-04-22","Completed"
1362,14,5,"2025-06-10","Completed"
1363,14,5,"2025-02-28","Completed"
1364,14,5,"2025-04-24","Completed"
1365,15,1,"2025-07-18","Completed"
1366,15,1,"2025-03-28","Completed"
1367,15,1,"2025-01-07","Completed"
1368,15,1,"2025-01-29","Completed"
1369,15,1,"2025-02-15","Completed"
1370,15,1,"2025-01-27","Completed"
1371,15,1,"2025-01-17","Completed"
1372,15,1,"2025-07-08","Completed"
1373,15,1,"2025-05-29","Completed"
1374,15,1,"2025-03-04","Completed"
1375,15,1,"2025-01-19","Completed"
1376,15,1,"2025-03-20","Completed"
1377,15,1,"2025-01-26","Completed"
1378,15,1,"2025-06-05","Pending"
1379,15,1,"2025-02-16","Completed"
1380,15,1,"2025-01-27","Completed"
1381,15,1,"2025-02-22","Completed"
1382,15,2,"2025-04-07","Completed"
1383,15,2,"2025-06-18","Completed"
1384,15,2,"2025-02-28","Completed"
1385,15,2,"2025-01-24","Completed"
1386,15,2,"2025-02-10","Completed"
1387,15,2,"2025-03-27","Completed"
1388,15,2,"2025-05-29","Completed"
1389,15,2,"2025-02-17","Completed"
1390,15,2,"2025-01-02","Completed"
1391,15,2,"2025-04-28","Completed"
1392,15,2,"2025-02-22","Completed"
1393,15,2,"2025-05-02","Completed"
1394,15,2,"2025-04-29","Completed"
1395,15,2,"2025-01-23","Completed"
1396,15,2,"2025-04-28","Completed"
1397,15,2,"2025-06-18","Completed"
1398,15,2,"2025-07-12","Completed"
1399,15,2,"2025-02-26","Completed"
1400,15,2,"2025-04-03","Completed"
1401,15,2,"2025-03-14","Completed"
1402,15,2,"2025-05-01","Completed"
1403,15,3,"2025-06-07","Completed"
1404,15,3,"2025-04-24","Completed"
1405,15,3,"2025-03-20","Completed"
1406,15,3,"2025-07-21","Completed"
1407,15,3,"2025-03-10","Completed"
1408,15,3,"2025-02-08","Completed"
1409,15,3,"2025-04-13","Completed"
1410,15,3,"2025-06-03","Completed"
1411,15,3,"2025-07-13","Completed"
1412,15,3,"2025-06-18","Completed"
1413,15,3,"2025-02-28","Completed"
1414,15,3,"2025-06-22","Completed"
1415,15,3,"2025-02-26","Completed"
1416,15,3,"2025-04-20","Completed"
1417,15,4,"2025-06-10","Completed"
1418,15,4,"2025-04-27","Completed"
1419,15,4,"2025-06-14","Completed"
1420,15,4,"2025-01-05","Completed"
1421,15,4,"2025-02-09","Completed"
1422,15,4,"2025-06-03","Completed"
1423,15,4,"2025-02-18","Completed"
1424,15,4,"2025-07-23","Pending"
1425,15,4,"2025-03-18","Completed"
1426,15,4,"2025-02-24","Completed"
1427,15,4,"2025-03-01","Completed"
1428,15,4,"2025-01-02","Completed"
1429,15,4,"2025-06-23","Completed"
1430,15,4,"2025-05-16","Completed"
1431,15,4,"2025-06-08","Completed"
1432,15,4,"2025-06-03","Completed"
1433,15,4,"2025-07-01","Completed"
1434,15,4,"2025-05-22","Completed"
1435,15,4,"2025-01-05","Completed"
1436,15,4,"2025-05-26","Completed"
1437,15,4,"2025-07-08","Completed"
1438,15,4,"2025-04-04","Completed"
1439,15,4,"2025-02-05","Completed"
1440,15,4,"2025-05-21","Completed"
1441,15,5,"2025-05-11","Completed"
1442,15,5,"2025-07-12","Completed"
1443,15,5,"2025-04-01","Completed"
1444,15,5,"2025-01-04","Completed"
1445,15,5,"2025-01-09","Completed"
1446,15,5,"2025-06-24","Completed"
1447,15,5,"2025-03-10","Completed"
1448,15,5,"2025-04-22","Completed"
1449,15,5,"2025-01-19","Completed"
1450,15,5,"2025-07-11","Completed"
1451,15,5,"2025-04-13","Completed"
1452,16,1,"2025-04-17","Completed"
1453,16,1,"2025-02-28","Completed"
1454,16,1,"2025-06-17","Completed"
1455,16,1,"2025-03-02","Completed"
1456,16,1,"2025-07-22","Completed"
1457,16,1,"2025-02-02","Completed"
1458,16,1,"2025-02-16","Completed"
1459,16,1,"2025-05-27","Completed"
1460,16,1,"2025-06-27","Completed"
1461,16,1,"2025-06-18","Completed"
1462,16,1,"2025-03-13","Completed"
1463,16,1,"2025-03-15","Completed"
1464,16,1,"2025-06-15","Completed"
1465,16,1,"2025-07-03","Completed"
1466,16,1,"2025-02-24","Completed"
1467,16,1,"2025-05-10","Completed"
1468,16,1,"2025-07-08","Completed"
1469,16,1,"2025-01-12","Completed"
1470,16,2,"2025-07-04","Completed"
1471,16,2,"2025-03-26","Completed"
1472,16,2,"2025-02-06","Completed"
1473,16,2,"2025-01-03","Completed"
1474,16,2,"2025-02-06","Completed"
1475,16,2,"2025-07-09","Completed"
1476,16,2,"2025-03-28","Completed"
1477,16,2,"2025-05-08","Completed"
1478,16,2,"2025-07-10","Completed"
1479,16,2,"2025-03-16","Completed"
1480,16,2,"2025-07-20","Pending"
1481,16,2,"2025-04-25","Completed"
1482,16,2,"2025-04-26","Completed"
1483,16,3,"2025-04-17","Completed"
1484,16,3,"2025-02-26","Completed"
1485,16,3,"2025-04-01","Completed"
1486,16,3,"2025-01-14","Completed"
1487,16,3,"2025-07-31","Completed"
1488,16,3,"2025-05-20","Completed"
1489,16,3,"2025-02-02","Completed"
1490,16,3,"2025-07-05","Completed"
1491,16,3,"2025-06-06","Completed"
1492,16,3,"2025-03-16","Completed"
1493,16,4,"2025-02-13","Completed"
1494,16,4,"2025-07-06","Completed"
1495,16,4,"2025-01-17","Completed"
1496,16,4,"2025-05-22","Completed"
1497,16,4,"2025-05-14","Completed"
1498,16,4,"2025-05-14","Completed"
1499,16,4,"2025-06-09","Completed"
1500,16,4,"2025-05-12","Completed"
1501,16,4,"2025-07-08","Pending"
1502,16,4,"2025-01-03","Completed"
1503,16,4,"2025-01-01","Completed"
1504,16,4,"2025-06-24","Completed"
1505,16,4,"2025-06-24","Completed"
1506,16,4,"2025-02-09","Completed"
1507,16,4,"2025-06-02","Completed"
1508,16,4,"2025-05-02","Completed"
1509,16,4,"2025-07-03","Pending"
1510,16,4,"2025-06-14","Completed"
1511,16,4,"2025-04-06","Completed"
1512,16,4,"2025-06-06","Completed"
1513,16,4,"2025-02-18","Completed"
1514,16,4,"2025-01-23","Completed"
1515,16,4,"2025-02-06","Completed"
1516,16,4,"2025-06-23","Completed"
1517,16,4,"2025-07-03","Completed"
1518,16,4,"2025-06-09","Completed"
1519,16,4,"2025-06-10","Completed"
1520,16,4,"2025-03-03","Completed"
1521,16,4,"2025-05-09","Completed"
1522,16,5,"2025-06-25","Completed"
1523,16,5,"2025-05-05","Completed"
1524,16,5,"2025-03-20","Completed"
1525,16,5,"2025-07-21","Pending"
1526,16,5,"2025-07-18","Completed"
1527,16,5,"2025-02-25","Completed"
1528,16,5,"2025-06-19","Completed"
1529,16,5,"2025-04-18","Completed"
1530,16,5,"2025-05-24","Completed"
1531,16,5,"2025-07-28","Completed"
1532,16,5,"2025-05-26","Completed"
1533,16,5,"2025-03-11","Completed"
1534,17,1,"2025-05-12","Completed"
1535,17,1,"2025-01-02","Completed"
1536,17,1,"2025-01-27","Completed"
1537,17,1,"2025-05-26","Completed"
1538,17,1,"2025-04-16","Completed"
1539,17,1,"2025-05-29","Completed"
1540,17,1,"2025-01-24","Completed"
1541,17,1,"2025-07-07","Completed"
1542,17,1,"2025-04-30","Completed"
1543,17,1,"2025-05-23","Completed"
1544,17,1,"2025-04-29","Completed"
1545,17,1,"2025-02-07","Completed"
1546,17,1,"2025-07-12","Completed"
1547,17,1,"2025-05-11","Completed"
1548,17,1,"2025-07-09","Completed"
1549,17,1,"2025-04-20","Completed"
1550,17,1,"2025-03-09","Completed"
1551,17,1,"2025-05-10","Completed"
1552,17,1,"2025-03-13","Completed"
1553,17,1,"2025-06-15","Completed"
1554,17,1,"2025-02-20","Completed"
1555,17,2,"2025-03-17","Completed"
1556,17,2,"2025-02-08","Completed"
1557,17,2,"2025-07-29","Pending"
1558,17,2,"2025-01-28","Completed"
1559,17,2,"2025-06-16","Completed"
1560,17,2,"2025-03-09","Completed"
1561,17,2,"2025-07-09","Pending"
1562,17,3,"2025-07-09","Completed"
1563,17,3,"2025-06-23","Completed"
1564,17,3,"2025-05-29","Completed"
1565,17,3,"2025-01-14","Completed"
1566,17,3,"2025-03-09","Completed"
1567,17,3,"2025-01-24","Completed"
1568,17,3,"2025-06-12","Completed"
1569,17,3,"2025-07-31","Pending"
1570,17,3,"2025-02-06","Completed"
1571,17,3,"2025-04-29","Pending"
1572,17,3,"2025-03-21","Completed"
1573,17,3,"2025-03-31","Completed"
1574,17,3,"2025-05-16","Completed"
1575,17,3,"2025-06-19","Completed"
1576,17,3,"2025-03-14","Completed"
1577,17,3,"2025-01-07","Completed"
1578,17,3,"2025-05-30","Completed"
1579,17,3,"2025-06-05","Completed"
1580,17,3,"2025-04-07","Completed"
1581,17,3,"2025-01-22","Completed"
1582,17,3,"2025-04-15","Completed"
1583,17,3,"2025-06-05","Completed"
1584,17,3,"2025-03-31","Completed"
1585,17,3,"2025-07-09","Completed"
1586,17,3,"2025-03-05","Completed"
1587,17,3,"2025-07-24","Pending"
1588,17,3,"2025-06-11","Completed"
1589,17,3,"2025-02-18","Completed"
1590,17,3,"2025-01-07","Completed"
1591,17,4,"2025-04-12","Completed"
1592,17,4,"2025-03-29","Completed"
1593,17,4,"2025-01-04","Completed"
1594,17,4,"2025-03-30","Completed"
1595,17,4,"2025-02-02","Completed"
1596,17,4,"2025-01-16","Completed"
1597,17,4,"2025-02-26","Completed"
1598,17,4,"2025-05-21","Completed"
1599,17,4,"2025-03-04","Completed"
1600,17,4,"2025-05-08","Completed"
1601,17,4,"2025-07-26","Completed"
1602,17,4,"2025-05-23","Completed"
1603,17,4,"2025-01-31","Completed"
1604,17,4,"2025-06-26","Completed"
1605,17,5,"2025-04-23","Completed"
1606,17,5,"2025-06-05","Completed"
1607,17,5,"2025-04-10","Completed"
1608,17,5,"2025-01-07","Completed"
1609,17,5,"2025-02-05","Completed"
1610,17,5,"2025-06-19","Completed"
1611,17,5,"2025-02-21","Completed"
1612,17,5,"2025-05-18","Completed"
1613,17,5,"2025-07-30","Completed"
1614,17,5,"2025-02-02","Completed"
1615,17,5,"2025-01-09","Completed"
1616,18,1,"2025-03-20","Completed"
1617,18,1,"2025-02-19","Completed"
1618,18,1,"2025-04-01","Completed"
1619,18,1,"2025-05-10","Completed"
1620,18,1,"2025-01-02","Completed"
1621,18,1,"2025-05-05","Completed"
1622,18,1,"2025-06-27","Completed"
1623,18,1,"2025-06-26","Completed"
1624,18,1,"2025-05-17","Completed"
1625,18,1,"2025-06-16","Completed"
1626,18,1,"2025-05-24","Completed"
1627,18,1,"2025-01-06","Completed"
1628,18,1,"2025-02-10","Completed"
1629,18,1,"2025-04-18","Completed"
1630,18,2,"2025-03-11","Completed"
1631,18,2,"2025-06-01","Completed"
1632,18,2,"2025-01-06","Completed"
1633,18,2,"2025-03-09","Completed"
1634,18,2,"2025-01-31","Completed"
1635,18,2,"2025-04-15","Completed"
1636,18,2,"2025-04-19","Completed"
1637,18,2,"2025-01-15","Completed"
1638,18,2,"2025-03-15","Completed"
1639,18,2,"2025-07-25","Completed"
1640,18,2,"2025-05-03","Completed"
1641,18,2,"2025-06-05","Completed"
1642,18,2,"2025-01-01","Completed"
1643,18,2,"2025-02-05","Completed"
1644,18,2,"2025-01-01","Completed"
1645,18,2,"2025-04-19","Completed"
1646,18,2,"2025-04-07","Completed"
1647,18,2,"2025-03-23","Completed"
1648,18,2,"2025-01-08","Completed"
1649,18,3,"2025-02-17","Completed"
1650,18,3,"2025-06-03","Completed"
1651,18,3,"2025-02-27","Completed"
1652,18,3,"2025-06-27","Completed"
1653,18,3,"2025-02-22","Completed"
1654,18,3,"2025-06-22","Completed"
1655,18,3,"2025-05-17","Completed"
1656,18,3,"2025-03-14","Completed"
1657,18,3,"2025-02-05","Completed"
1658,18,3,"2025-01-31","Completed"
1659,18,3,"2025-07-13","Completed"
1660,18,3,"2025-07-15","Completed"
1661,18,3,"2025-01-21","Completed"
1662,18,3,"2025-04-09","Completed"
1663,18,3,"2025-02-01","Completed"
1664,18,3,"2025-06-15","Completed"
1665,18,3,"2025-02-26","Completed"
1666,18,3,"2025-01-01","Completed"
1667,18,3,"2025-01-15","Completed"
1668,18,3,"2025-05-20","Completed"
1669,18,3,"2025-01-22","Completed"
1670,18,3,"2025-07-04","Completed"
1671,18,3,"2025-05-26","Completed"
1672,18,3,"2025-03-19","Completed"
1673,18,3,"2025-03-04","Completed"
1674,18,3,"2025-04-01","Completed"
1675,18,4,"2025-01-02","Completed"
1676,18,4,"2025-05-04","Completed"
1677,18,4,"2025-03-14","Completed"
1678,18,4,"2025-05-28","Completed"
1679,18,4,"2025-01-02","Completed"
1680,18,4,"2025-07-08","Completed"
1681,18,4,"2025-07-13","Completed"
1682,18,4,"2025-07-11","Completed"
1683,18,4,"2025-04-10","Completed"
1684,18,4,"2025-03-22","Completed"
1685,18,4,"2025-04-26","Completed"
1686,18,4,"2025-05-20","Completed"
1687,18,4,"2025-06-26","Completed"
1688,18,4,"2025-03-03","Completed"
1689,18,4,"2025-03-26","Completed"
1690,18,4,"2025-06-10","Completed"
1691,18,4,"2025-03-16","Completed"
1692,18,4,"2025-06-18","Completed"
1693,18,4,"2025-04-21","Completed"
1694,18,4,"2025-02-06","Completed"
1695,18,4,"2025-07-01","Completed"
1696,18,4,"2025-06-05","Completed"
1697,18,5,"2025-06-30","Completed"
1698,18,5,"2025-02-22","Completed"
1699,18,5,"2025-01-13","Completed"
1700,18,5,"2025-02-20","Completed"
1701,18,5,"2025-04-22","Completed"
1702,18,5,"2025-02-14","Completed"
1703,18,5,"2025-04-07","Completed"
1704,19,1,"2025-07-26","Pending"
1705,19,1,"2025-06-10","Completed"
1706,19,1,"2025-05-19","Completed"
1707,19,1,"2025-01-27","Completed"
1708,19,1,"2025-01-14","Completed"
1709,19,1,"2025-04-22","Completed"
1710,19,1,"2025-02-06","Completed"
1711,19,1,"2025-07-15","Pending"
1712,19,1,"2025-01-31","Completed"
1713,19,1,"2025-05-02","Completed"
1714,19,2,"2025-01-30","Completed"
1715,19,2,"2025-01-21","Completed"
1716,19,2,"2025-02-11","Completed"
1717,19,2,"2025-06-27","Completed"
1718,19,2,"2025-04-09","Completed"
1719,19,2,"2025-04-24","Completed"
1720,19,2,"2025-04-28","Completed"
1721,19,2,"2025-03-09","Completed"
1722,19,2,"2025-03-25","Completed"
1723,19,2,"2025-05-25","Completed"
1724,19,2,"2025-05-14","Completed"
1725,19,2,"2025-05-10","Completed"
1726,19,2,"2025-07-16","Pending"
1727,19,2,"2025-05-18","Completed"
1728,19,2,"2025-04-07","Completed"
1729,19,2,"2025-04-06","Completed"
1730,19,2,"2025-05-20","Completed"
1731,19,2,"2025-03-24","Completed"
1732,19,2,"2025-06-30","Completed"
1733,19,2,"2025-04-03","Completed"
1734,19,2,"2025-05-15","Completed"
1735,19,2,"2025-04-06","Completed"
1736,19,2,"2025-07-03","Completed"
1737,19,2,"2025-01-06","Completed"
1738,19,2,"2025-06-26","Completed"
1739,19,2,"2025-04-20","Completed"
1740,19,2,"2025-02-06","Completed"
1741,19,2,"2025-07-31","Pending"
1742,19,2,"2025-07-31","Pending"
1743,19,2,"2025-07-16","Completed"
1744,19,3,"2025-01-23","Completed"
1745,19,3,"2025-03-04","Completed"
1746,19,3,"2025-04-01","Completed"
1747,19,3,"2025-06-21","Completed"
1748,19,3,"2025-06-17","Completed"
1749,19,3,"2025-04-07","Completed"
1750,19,3,"2025-05-27","Pending"
1751,19,3,"2025-07-21","Pending"
1752,19,3,"2025-01-13","Completed"
1753,19,3,"2025-07-05","Completed"
1754,19,3,"2025-07-07","Completed"
1755,19,3,"2025-07-18","Pending"
1756,19,3,"2025-02-26","Completed"
1757,19,3,"2025-06-15","Completed"
1758,19,3,"2025-02-05","Completed"
1759,19,3,"2025-06-13","Completed"
1760,19,3,"2025-07-25","Completed"
1761,19,3,"2025-07-20","Completed"
1762,19,3,"2025-07-12","Completed"
1763,19,3,"2025-04-06","Completed"
1764,19,3,"2025-03-21","Completed"
1765,19,3,"2025-01-01","Completed"
1766,19,3,"2025-07-31","Completed"
1767,19,3,"2025-05-01","Completed"
1768,19,3,"2025-04-11","Completed"
1769,19,3,"2025-04-13","Completed"
1770,19,3,"2025-04-25","Completed"
1771,19,3,"2025-03-02","Completed"
1772,19,4,"2025-05-05","Completed"
1773,19,4,"2025-06-22","Completed"
1774,19,4,"2025-04-20","Completed"
1775,19,4,"2025-05-30","Completed"
1776,19,4,"2025-07-07","Completed"
1777,19,4,"2025-04-15","Completed"
1778,19,4,"2025-05-12","Completed"
1779,19,4,"2025-02-18","Completed"
1780,19,4,"2025-03-29","Completed"
1781,19,4,"2025-06-20","Completed"
1782,19,4,"2025-03-03","Completed"
1783,19,4,"2025-03-13","Completed"
1784,19,4,"2025-07-06","Completed"
1785,19,4,"2025-02-04","Completed"
1786,19,4,"2025-04-08","Completed"
1787,19,4,"2025-02-03","Completed"
1788,19,4,"2025-01-14","Completed"
1789,19,4,"2025-05-22","Completed"
1790,19,4,"2025-04-29","Completed"
1791,19,5,"2025-06-05","Completed"
1792,19,5,"2025-01-23","Completed"
1793,19,5,"2025-06-03","Completed"
1794,19,5,"2025-02-19","Completed"
1795,19,5,"2025-04-09","Completed"
1796,19,5,"2025-04-03","Completed"
1797,19,5,"2025-03-28","Completed"
1798,19,5,"2025-05-27","Completed"
1799,19,5,"2025-06-14","Completed"
1800,19,5,"2025-01-19","Completed"
1801,19,5,"2025-07-05","Completed"
1802,19,5,"2025-02-17","Completed"
1803,19,5,"2025-02-25","Completed"
1804,19,5,"2025-05-26","Completed"
1805,19,5,"2025-02-24","Completed"
1806,19,5,"2025-01-30","Completed"
1807,19,5,"2025-05-31","Completed"
1808,19,5,"2025-07-16","Completed"
1809,20,1,"2025-02-01","Completed"
1810,20,1,"2025-06-02","Completed"
1811,20,1,"2025-02-14","Completed"
1812,20,1,"2025-06-27","Completed"
1813,20,1,"2025-05-10","Completed"
1814,20,1,"2025-03-20","Completed"
1815,20,1,"2025-01-24","Completed"
1816,20,1,"2025-02-22","Completed"
1817,20,1,"2025-04-20","Completed"
1818,20,1,"2025-03-10","Completed"
1819,20,2,"2025-07-17","Completed"
1820,20,2,"2025-04-20","Completed"
1821,20,2,"2025-04-12","Completed"
1822,20,2,"2025-07-24","Pending"
1823,20,2,"2025-03-01","Completed"
1824,20,2,"2025-04-09","Completed"
1825,20,2,"2025-06-28","Completed"
1826,20,2,"2025-04-22","Completed"
1827,20,2,"2025-01-07","Completed"
1828,20,2,"2025-05-22","Completed"
1829,20,2,"2025-05-14","Completed"
1830,20,2,"2025-03-06","Completed"
1831,20,2,"2025-01-11","Completed"
1832,20,2,"2025-02-24","Completed"
1833,20,2,"2025-05-22","Completed"
1834,20,2,"2025-04-26","Completed"
1835,20,2,"2025-03-26","Completed"
1836,20,2,"2025-03-20","Completed"
1837,20,2,"2025-01-18","Completed"
1838,20,2,"2025-01-08","Completed"
1839,20,2,"2025-01-02","Completed"
1840,20,2,"2025-05-02","Completed"
1841,20,2,"2025-03-19","Completed"
1842,20,2,"2025-02-21","Completed"
1843,20,2,"2025-06-18","Completed"
1844,20,2,"2025-06-24","Completed"
1845,20,2,"2025-07-22","Completed"
1846,20,2,"2025-05-14","Completed"
1847,20,2,"2025-06-21","Completed"
1848,20,3,"2025-07-13","Completed"
1849,20,3,"2025-05-19","Completed"
1850,20,3,"2025-01-20","Completed"
1851,20,3,"2025-05-01","Completed"
1852,20,3,"2025-04-08","Completed"
1853,20,3,"2025-06-25","Completed"
1854,20,3,"2025-02-25","Completed"
1855,20,3,"2025-02-25","Completed"
1856,20,3,"2025-06-18","Completed"
1857,20,3,"2025-06-17","Completed"
1858,20,3,"2025-03-23","Completed"
1859,20,3,"2025-04-12","Pending"
1860,20,3,"2025-05-14","Completed"
1861,20,3,"2025-02-16","Completed"
1862,20,3,"2025-07-03","Completed"
1863,20,3,"2025-03-25","Completed"
1864,20,3,"2025-04-12","Completed"
1865,20,4,"2025-07-29","Completed"
1866,20,4,"2025-05-17","Completed"
1867,20,4,"2025-03-23","Completed"
1868,20,4,"2025-04-22","Completed"
1869,20,4,"2025-05-16","Completed"
1870,20,4,"2025-02-10","Completed"
1871,20,4,"2025-07-27","Pending"
1872,20,5,"2025-03-20","Pending"
1873,20,5,"2025-06-24","Completed"
1874,20,5,"2025-01-22","Completed"
1875,20,5,"2025-03-18","Completed"
1876,20,5,"2025-01-20","Completed"
1877,20,5,"2025-02-28","Completed"
1878,20,5,"2025-07-17","Completed"
1879,20,5,"2025-02-02","Completed"
1880,20,5,"2025-07-16","Pending"
1881,20,5,"2025-06-14","Completed"
1882,20,5,"2025-03-31","Completed"
1883,20,5,"2025-07-09","Pending"
1884,20,5,"2025-02-10","Completed"
1885,20,5,"2025-02-18","Completed"
1886,20,5,"2025-06-09","Completed"
1887,20,5,"2025-02-23","Completed"
1888,20,5,"2025-07-14","Completed"
1889,20,5,"2025-04-18","Completed"
1890,20,5,"2025-07-08","Completed"
1891,21,1,"2025-02-04","Completed"
1892,21,1,"2025-01-17","Pending"
1893,21,1,"2025-04-30","Completed"
1894,21,1,"2025-03-05","Completed"
1895,21,1,"2025-01-13","Completed"
1896,21,1,"2025-07-12","Completed"
1897,21,1,"2025-07-25","Pending"
1898,21,1,"2025-05-22","Completed"
1899,21,1,"2025-02-19","Completed"
1900,21,1,"2025-05-10","Completed"
1901,21,1,"2025-01-04","Completed"
1902,21,1,"2025-03-09","Completed"
1903,21,1,"2025-07-24","Pending"
1904,21,1,"2025-03-06","Completed"
1905,21,1,"2025-01-02","Completed"
1906,21,1,"2025-03-17","Completed"
1907,21,1,"2025-01-03","Completed"
1908,21,1,"2025-07-21","Pending"
1909,21,1,"2025-07-20","Completed"
1910,21,1,"2025-01-18","Completed"
1911,21,1,"2025-07-29","Pending"
1912,21,2,"2025-01-19","Completed"
1913,21,2,"2025-02-23","Completed"
1914,21,2,"2025-05-06","Completed"
1915,21,2,"2025-05-13","Completed"
1916,21,2,"2025-07-08","Pending"
1917,21,2,"2025-02-22","Completed"
1918,21,2,"2025-06-21","Completed"
1919,21,2,"2025-06-21","Completed"
1920,21,2,"2025-03-02","Completed"
1921,21,2,"2025-02-06","Completed"
1922,21,2,"2025-03-23","Completed"
1923,21,2,"2025-07-10","Completed"
1924,21,2,"2025-05-28","Completed"
1925,21,3,"2025-03-03","Completed"
1926,21,3,"2025-01-22","Completed"
1927,21,3,"2025-02-17","Completed"
1928,21,3,"2025-03-18","Completed"
1929,21,3,"2025-01-15","Completed"
1930,21,3,"2025-07-11","Completed"
1931,21,3,"2025-07-25","Pending"
1932,21,3,"2025-07-09","Completed"
1933,21,3,"2025-06-19","Completed"
1934,21,3,"2025-03-01","Completed"
1935,21,3,"2025-03-07","Completed"
1936,21,3,"2025-01-26","Completed"
1937,21,3,"2025-07-17","Pending"
1938,21,3,"2025-07-30","Completed"
1939,21,3,"2025-03-03","Completed"
1940,21,3,"2025-06-09","Completed"
1941,21,3,"2025-03-24","Completed"
1942,21,3,"2025-02-08","Completed"
1943,21,3,"2025-06-10","Completed"
1944,21,3,"2025-03-14","Completed"
1945,21,3,"2025-01-25","Completed"
1946,21,3,"2025-02-21","Completed"
1947,21,3,"2025-02-16","Completed"
1948,21,3,"2025-04-27","Completed"
1949,21,3,"2025-05-09","Completed"
1950,21,3,"2025-01-05","Completed"
1951,21,3,"2025-03-16","Completed"
1952,21,4,"2025-04-13","Pending"
1953,21,4,"2025-02-16","Completed"
1954,21,4,"2025-06-04","Completed"
1955,21,4,"2025-03-14","Completed"
1956,21,4,"2025-04-07","Completed"
1957,21,4,"2025-02-13","Completed"
1958,21,4,"2025-01-13","Completed"
1959,21,4,"2025-01-16","Completed"
1960,21,4,"2025-02-15","Completed"
1961,21,4,"2025-03-29","Completed"
1962,21,4,"2025-02-02","Completed"
1963,21,4,"2025-06-13","Completed"
1964,21,4,"2025-06-22","Completed"
1965,21,4,"2025-03-28","Completed"
1966,21,4,"2025-04-16","Completed"
1967,21,4,"2025-03-18","Completed"
1968,21,4,"2025-05-06","Completed"
1969,21,4,"2025-01-23","Completed"
1970,21,4,"2025-03-29","Completed"
1971,21,4,"2025-01-10","Completed"
1972,21,4,"2025-01-13","Completed"
1973,21,4,"2025-04-18","Completed"
1974,21,4,"2025-05-16","Completed"
1975,21,4,"2025-01-19","Completed"
1976,21,4,"2025-02-26","Completed"
1977,21,4,"2025-01-29","Completed"
1978,21,4,"2025-01-26","Completed"
1979,21,4,"2025-07-06","Pending"
1980,21,4,"2025-03-12","Completed"
1981,21,4,"2025-06-04","Completed"
1982,21,5,"2025-04-24","Completed"
1983,21,5,"2025-02-15","Completed"
1984,21,5,"2025-04-15","Completed"
1985,21,5,"2025-06-02","Completed"
1986,21,5,"2025-04-09","Completed"
1987,21,5,"2025-07-21","Pending"
1988,21,5,"2025-01-22","Completed"
1989,21,5,"2025-04-10","Completed"
1990,21,5,"2025-05-21","Completed"
1991,21,5,"2025-02-11","Completed"
1992,21,5,"2025-03-19","Completed"
1993,21,5,"2025-01-17","Completed"
1994,21,5,"2025-04-03","Completed"
1995,21,5,"2025-07-21","Completed"
1996,21,5,"2025-04-30","Completed"
1997,21,5,"2025-03-09","Completed"
1998,21,5,"2025-01-12","Completed"
1999,21,5,"2025-03-09","Completed"
2000,21,5,"2025-03-16","Completed"
2001,21,5,"2025-01-14","Completed"
2002,21,5,"2025-05-14","Completed"
2003,21,5,"2025-06-18","Completed"
2004,21,5,"2025-03-15","Completed"
2005,21,5,"2025-01-02","Completed"
2006,21,5,"2025-06-11","Completed"
